Notes,Source,Année,Total sans Béasse,St Colomban,Raynaud,Gorblaou,Camari,Béasse
Non numérisé (site Béasse),État des âmes Beasse,1718,#N/A,#N/A,#N/A,#N/A,#N/A,27
> 12 ans uniquement,Recensement revolutionnaire,1801,103,#N/A,7,#N/A,#N/A,#N/A
Luceram non disponible,Recensement RF,1861,#N/A,121,0,49,77,#N/A
Non numérisé (site Béasse),Recensement RF,1866,#N/A,#N/A,#N/A,#N/A,#N/A,64
Luceram non disponible,Recensement RF,1872,#N/A,121,0,40,69,#N/A
,Recensement RF,1881,#N/A,61,0,49,86,44
,Recensement RF,1886,#N/A,70,0,48,59,41
Total sur Lantosque : 241 ; erreur sur le total ?,Recensement RF,1891,#N/A,76,0,39,58,47
,Recensement RF,1896,#N/A,78,0,46,64,45
,Recensement RF,1901,#N/A,83,0,42,68,51
,Recensement RF,1906,#N/A,95,0,43,60,44
Que les communiés ?,État des âmes St Col,1910,#N/A,82,0,51,47,43
Que les communiés ?,État des âmes St Col,1911,#N/A,83,0,50,43,43
,Recensement RF,1911,#N/A,101,0,44,61,42
Que les communiés ?,État des âmes St Col,1912,#N/A,82,0,47,42,44
Que les communiés ?,État des âmes St Col,1913,#N/A,79,0,47,42,47
Que les communiés ?,État des âmes St Col,1914,#N/A,75,0,45,41,42
Que les communiés ?,État des âmes St Col,1915,#N/A,71,0,42,40,41
Que les communiés ?,État des âmes St Col,1916,#N/A,67,0,42,41,41
Que les communiés ?,État des âmes St Col,1917,#N/A,70,0,41,37,40
Que les communiés ?,État des âmes St Col,1918,#N/A,72,0,39,37,39
Que les communiés ?,État des âmes St Col,1919,#N/A,65,0,37,39,33
Que les communiés ?,État des âmes St Col,1920,#N/A,66,0,35,41,33
Que les communiés ?,État des âmes St Col,1921,#N/A,#N/A,0,34,38,33
,Recensement RF,1921,#N/A,88,0,32,73,42
Que les communiés ?,État des âmes St Col,1922,#N/A,65,0,34,39,33
,Recensement RF,1926,180,#N/A,#N/A,#N/A,#N/A,35
,Recensement RF,1931,155,#N/A,#N/A,#N/A,#N/A,35
,Recensement RF,1936,136,#N/A,#N/A,#N/A,#N/A,27
Non numérisé (vesubian),Recensement RF,1946,94,#N/A,#N/A,#N/A,#N/A,#N/A
Non numérisé (vesubian),Recensement RF,1954,73,#N/A,#N/A,#N/A,#N/A,#N/A
Non numérisé (vesubian),Recensement RF,1962,68,#N/A,#N/A,#N/A,#N/A,#N/A
Non numérisé (vesubian),Recensement RF,1968,46,#N/A,#N/A,#N/A,#N/A,#N/A
Non numérisé (vesubian),Recensement RF,1976,32,#N/A,#N/A,#N/A,#N/A,#N/A
Non numérisé (vesubian),Recensement RF,1984,25,#N/A,#N/A,#N/A,#N/A,#N/A
Non numérisé (vesubian),Recensement RF,1992,22,#N/A,#N/A,#N/A,#N/A,#N/A
